-- phpMyAdmin SQL Dump
-- version 4.8.4
-- https://www.phpmyadmin.net/
--
-- Host: 127.0.0.1
-- Generation Time: Apr 01, 2019 at 06:55 AM
-- Server version: 10.1.37-MariaDB
-- PHP Version: 7.3.0

SET SQL_MODE = "NO_AUTO_VALUE_ON_ZERO";
SET AUTOCOMMIT = 0;
START TRANSACTION;
SET time_zone = "+00:00";


/*!40101 SET @OLD_CHARACTER_SET_CLIENT=@@CHARACTER_SET_CLIENT */;
/*!40101 SET @OLD_CHARACTER_SET_RESULTS=@@CHARACTER_SET_RESULTS */;
/*!40101 SET @OLD_COLLATION_CONNECTION=@@COLLATION_CONNECTION */;
/*!40101 SET NAMES utf8mb4 */;

--
-- Database: `managerment`
--

-- --------------------------------------------------------

--
-- Table structure for table `bills`
--

CREATE TABLE `bills` (
  `id` int(10) UNSIGNED NOT NULL,
  `code` varchar(50) COLLATE utf8mb4_unicode_ci DEFAULT NULL,
  `user_id` int(10) UNSIGNED NOT NULL,
  `client_id` int(11) UNSIGNED DEFAULT NULL,
  `company_id` int(11) NOT NULL,
  `note` text COLLATE utf8mb4_unicode_ci,
  `bill_type_id` int(10) UNSIGNED NOT NULL,
  `created_at` timestamp NULL DEFAULT NULL,
  `updated_at` timestamp NULL DEFAULT NULL,
  `total` int(11) DEFAULT NULL,
  `discount` int(3) NOT NULL
) ENGINE=InnoDB DEFAULT CHARSET=utf8mb4 COLLATE=utf8mb4_unicode_ci;

--
-- Dumping data for table `bills`
--

INSERT INTO `bills` (`id`, `code`, `user_id`, `client_id`, `company_id`, `note`, `bill_type_id`, `created_at`, `updated_at`, `total`, `discount`) VALUES
(121, NULL, 2, 12, 0, NULL, 2, '2018-08-05 00:48:55', '2018-08-05 00:48:55', 100000, 0),
(122, NULL, 2, 12, 0, NULL, 2, '2018-08-05 00:58:05', '2018-08-05 00:58:05', 100000, 0),
(125, NULL, 6, 19, 0, NULL, 2, '2018-08-05 03:06:52', '2018-08-05 03:06:52', 20000, 0),
(126, NULL, 2, 29, 0, NULL, 2, '2018-08-05 03:13:32', '2018-08-05 03:13:32', 12000, 0),
(127, NULL, 2, 16, 0, NULL, 2, '2018-08-05 03:23:09', '2018-08-05 03:23:09', 300000, 0),
(128, NULL, 2, 21, 0, NULL, 2, '2018-08-05 03:24:19', '2018-08-05 03:24:19', 13000, 0),
(131, NULL, 2, 31, 0, NULL, 2, '2018-08-05 03:48:08', '2018-08-05 03:48:09', 27000, 0),
(135, NULL, 2, 14, 0, NULL, 2, '2018-08-05 04:12:33', '2018-08-05 04:12:33', 38000, 0),
(136, NULL, 2, 40, 0, NULL, 2, '2018-08-05 04:13:16', '2018-08-05 04:13:16', 25000, 0),
(138, NULL, 2, 36, 0, NULL, 2, '2018-08-05 05:22:01', '2018-08-05 05:22:01', 25000, 0),
(139, NULL, 6, 35, 0, NULL, 2, '2018-08-05 05:25:53', '2018-08-05 05:25:53', 20000, 0),
(141, NULL, 2, 38, 0, NULL, 2, '2018-08-05 06:21:22', '2018-08-05 06:21:22', 115000, 0),
(145, NULL, 6, 48, 0, NULL, 2, '2018-08-05 07:56:11', '2018-08-05 07:56:11', 120000, 0),
(149, NULL, 2, 54, 0, NULL, 2, '2018-08-05 09:15:48', '2018-08-05 09:15:48', 32000, 0),
(150, NULL, 6, 56, 0, NULL, 2, '2018-08-05 09:24:19', '2018-08-05 09:24:19', 20000, 0),
(155, NULL, 2, 60, 0, NULL, 2, '2018-08-06 04:44:42', '2018-08-06 04:44:42', 32000, 0),
(157, NULL, 2, 17, 0, NULL, 2, '2018-08-07 02:58:14', '2018-08-07 02:58:14', 24000, 0),
(160, NULL, 2, 65, 0, NULL, 2, '2018-08-07 07:06:51', '2018-08-07 07:06:51', 25000, 0),
(161, NULL, 2, 66, 0, NULL, 2, '2018-08-07 08:06:25', '2018-08-07 08:06:25', 49000, 0),
(171, NULL, 2, 53, 0, NULL, 2, '2018-08-09 05:34:50', '2018-08-09 05:34:50', 30000, 0),
(176, NULL, 2, 82, 0, NULL, 2, '2018-08-09 08:40:42', '2018-08-09 08:40:42', 30000, 0),
(191, NULL, 2, 62, 0, NULL, 2, '2018-08-11 01:07:31', '2018-08-11 01:07:31', 18000, 0),
(192, NULL, 2, 117, 0, NULL, 2, '2018-08-11 01:46:39', '2018-08-11 01:46:39', 33000, 0),
(194, NULL, 2, 119, 0, NULL, 2, '2018-08-11 02:00:36', '2018-08-11 02:00:36', 18000, 0),
(206, NULL, 2, 125, 0, NULL, 2, '2018-08-11 07:02:09', '2018-08-11 07:02:09', 95000, 0),
(207, NULL, 2, 125, 0, NULL, 2, '2018-08-11 07:03:26', '2018-08-11 07:03:26', 15000, 0),
(208, NULL, 2, 130, 0, NULL, 2, '2018-08-11 08:01:42', '2018-08-11 08:01:42', 15000, 0),
(216, NULL, 2, 132, 0, NULL, 2, '2018-08-11 12:08:01', '2018-08-11 12:08:01', 25000, 0),
(218, '01', 4, NULL, 11, NULL, 1, '2018-08-11 13:52:36', '2018-08-11 13:52:36', NULL, 0),
(219, '02', 4, NULL, 10, NULL, 1, '2018-08-11 13:56:56', '2018-08-11 13:56:56', NULL, 0),
(220, '01', 4, NULL, 9, NULL, 1, '2018-08-11 14:02:39', '2018-08-11 14:02:39', NULL, 0),
(221, NULL, 2, 134, 0, NULL, 2, '2018-08-11 14:10:03', '2018-08-11 14:10:03', 990000, 0),
(260, NULL, 2, 187, 0, NULL, 2, '2018-08-13 14:26:10', '2018-08-13 14:26:10', 25000, 0),
(261, NULL, 2, 188, 0, NULL, 2, '2018-08-14 01:30:15', '2018-08-14 01:30:15', 25000, 0),
(265, NULL, 2, 192, 0, NULL, 2, '2018-08-14 09:59:46', '2018-08-14 09:59:46', 18000, 0),
(266, '12', 4, NULL, 10, NULL, 1, '2018-08-14 10:36:51', '2018-08-14 10:36:51', NULL, 0),
(271, NULL, 2, 132, 0, NULL, 2, '2018-08-14 13:51:06', '2018-08-14 13:51:06', 55000, 0),
(282, NULL, 2, 132, 0, NULL, 2, '2018-08-16 03:30:21', '2018-08-16 03:30:21', 30000, 0),
(283, NULL, 2, 119, 0, NULL, 2, '2018-08-16 03:30:49', '2018-08-16 03:30:49', 105000, 0),
(291, NULL, 2, 220, 0, NULL, 2, '2018-08-16 10:35:35', '2018-08-16 10:35:35', 40000, 0),
(292, NULL, 2, 221, 0, NULL, 2, '2018-08-16 10:45:24', '2018-08-16 10:45:24', 30000, 0),
(293, NULL, 2, 222, 0, NULL, 2, '2018-08-16 11:30:22', '2018-08-16 11:30:22', 77000, 0),
(294, NULL, 2, 132, 0, NULL, 2, '2018-08-16 12:01:44', '2018-08-16 12:01:44', 18000, 0),
(295, NULL, 2, 223, 0, NULL, 2, '2018-08-17 05:09:21', '2018-08-17 05:09:21', 40000, 0),
(297, NULL, 2, 62, 0, NULL, 2, '2018-08-17 09:06:53', '2018-08-17 09:06:53', 0, 0),
(303, NULL, 4, 161, 0, NULL, 2, '2018-08-17 11:33:20', '2018-08-17 11:33:20', 25000, 0),
(314, NULL, 2, 62, 0, NULL, 2, '2018-08-18 06:05:22', '2018-08-18 06:05:22', 15000, 0),
(315, NULL, 2, 62, 0, NULL, 2, '2018-08-18 06:13:19', '2018-08-18 06:13:19', 15000, 0),
(316, NULL, 2, 62, 0, NULL, 2, '2018-08-18 10:45:56', '2018-08-18 10:45:56', 15000, 0),
(317, NULL, 2, 132, 0, NULL, 2, '2018-08-18 11:44:37', '2018-08-18 11:44:37', 10500, 30),
(321, NULL, 2, 62, 0, NULL, 2, '2018-08-19 02:57:24', '2018-08-19 02:57:24', 66000, 0),
(323, NULL, 2, 247, 0, NULL, 2, '2018-08-19 03:47:33', '2018-08-19 03:47:33', 45000, 0),
(329, NULL, 2, 248, 0, NULL, 2, '2018-08-19 05:59:00', '2018-08-19 05:59:00', 48000, 0),
(330, NULL, 2, 253, 0, NULL, 2, '2018-08-19 06:52:10', '2018-08-19 06:52:10', 80000, 0),
(331, NULL, 2, 132, 0, NULL, 2, '2018-08-19 06:55:57', '2018-08-19 06:55:57', 10500, 30),
(334, NULL, 2, 132, 0, NULL, 2, '2018-08-19 08:18:44', '2018-08-19 08:18:44', 15000, 0),
(340, NULL, 2, 260, 0, NULL, 2, '2018-08-20 03:03:35', '2018-08-20 03:03:35', 125000, 0),
(341, NULL, 2, 132, 0, NULL, 2, '2018-08-20 03:22:12', '2018-08-20 03:22:12', 43000, 0),
(349, NULL, 2, 269, 0, NULL, 2, '2018-08-20 11:37:58', '2018-08-20 11:37:58', 30000, 0),
(350, NULL, 2, 270, 0, NULL, 2, '2018-08-20 11:42:42', '2018-08-20 11:42:42', 70000, 0),
(351, NULL, 2, 272, 0, NULL, 2, '2018-08-20 12:23:44', '2018-08-20 12:23:44', 25000, 0),
(352, NULL, 2, 273, 0, NULL, 2, '2018-08-20 12:26:36', '2018-08-20 12:26:36', 25000, 0),
(364, NULL, 2, 293, 0, NULL, 2, '2018-08-22 03:08:17', '2018-08-22 03:08:17', 25000, 0),
(365, NULL, 2, 294, 0, NULL, 2, '2018-08-22 03:32:50', '2018-08-22 03:32:50', 70000, 0),
(366, NULL, 2, 295, 0, NULL, 2, '2018-08-22 03:37:42', '2018-08-22 03:37:42', 25000, 0),
(369, NULL, 2, 298, 0, NULL, 2, '2018-08-22 08:34:22', '2018-08-22 08:34:22', 180000, 0),
(370, NULL, 2, 62, 0, NULL, 2, '2018-08-22 08:40:14', '2018-08-22 08:40:14', 15000, 0);

-- --------------------------------------------------------

--
-- Table structure for table `bill_types`
--

CREATE TABLE `bill_types` (
  `id` int(10) UNSIGNED NOT NULL,
  `name` varchar(191) COLLATE utf8mb4_unicode_ci NOT NULL,
  `slug` varchar(191) COLLATE utf8mb4_unicode_ci NOT NULL
) ENGINE=InnoDB DEFAULT CHARSET=utf8mb4 COLLATE=utf8mb4_unicode_ci;

--
-- Dumping data for table `bill_types`
--

INSERT INTO `bill_types` (`id`, `name`, `slug`) VALUES
(1, 'Nhập', 'nhap'),
(2, 'Xuất', 'xuat');

-- --------------------------------------------------------

--
-- Table structure for table `clients`
--

CREATE TABLE `clients` (
  `id` int(11) UNSIGNED NOT NULL,
  `name` tinytext COLLATE utf8_unicode_ci,
  `band` tinytext COLLATE utf8_unicode_ci,
  `cubic` int(11) DEFAULT NULL,
  `phone` tinytext COLLATE utf8_unicode_ci,
  `updated_at` timestamp NULL DEFAULT NULL,
  `created_at` timestamp NOT NULL DEFAULT CURRENT_TIMESTAMP
) ENGINE=InnoDB DEFAULT CHARSET=utf8 COLLATE=utf8_unicode_ci;

--
-- Dumping data for table `clients`
--

INSERT INTO `clients` (`id`, `name`, `band`, `cubic`, `phone`, `updated_at`, `created_at`) VALUES
(10, 'CHU', '06815', 110, '3541344634', '2018-08-09 12:01:09', '2018-08-04 20:50:27'),
(11, 'vượng', '76562', 150, '01219990121', '2018-08-05 00:44:49', '2018-08-05 00:44:49'),
(12, 'thiên lãnh', '86803', 125, '01675999044', '2018-08-05 00:46:40', '2018-08-05 00:46:40'),
(14, 'Long hải', '89632', 110, '0946503099', '2018-08-05 01:06:56', '2018-08-05 01:06:56'),
(15, 'Toản', '15152', 125, '0966006456', '2018-08-05 01:31:52', '2018-08-05 01:31:52'),
(16, 'ông chủ', '79382', 125, '0000', '2018-08-05 01:38:59', '2018-08-05 01:38:59'),
(17, 'chú lộc ký', '02929', 150, '1111', '2018-08-05 01:52:01', '2018-08-05 01:50:55'),
(18, 'thạch', '38442', 110, '121212', '2018-08-05 01:55:07', '2018-08-05 01:55:07'),
(19, 'Yến', '09758', 125, '0918143179', '2018-08-05 01:59:02', '2018-08-05 01:59:02'),
(20, 'Anh Hà', '07109', 125, '0943221011', '2018-08-05 02:00:15', '2018-08-05 02:00:15'),
(21, 'z800', '07108', 800, '123456', '2018-08-05 02:13:02', '2018-08-05 02:13:02'),
(22, 'kỳ sơn', '00173', 300, '0909326508', '2018-08-05 02:20:50', '2018-08-05 02:20:50'),
(23, 'thượng', '10848', 300, '0909080423', '2018-08-05 02:25:50', '2018-08-05 02:25:50'),
(24, 'huy', '05053', 300, '0932723727', '2018-08-05 02:27:25', '2018-08-05 02:27:25'),
(25, 'anh kỳ', '07108', 800, '0934858732', '2018-08-05 02:28:18', '2018-08-05 02:28:18'),
(26, 'thị thu', '6692', 110, '0944753784', '2018-08-05 02:29:05', '2018-08-05 02:29:05'),
(28, 'thị thu( sale20%)', '6692', 110, '0944753784', '2018-08-05 02:29:36', '2018-08-05 02:29:36'),
(29, 'chú dũng', '22669', 150, '01695022669', '2018-08-05 02:41:39', '2018-08-05 02:41:39'),
(30, 'trân', '22669', 150, '01695022668', '2018-08-05 02:43:04', '2018-08-05 02:43:04'),
(31, 'anh chỉnh', '22669', 150, '01695022667', '2018-08-05 02:44:35', '2018-08-05 02:44:35'),
(32, 'hoài nam', '82652', 110, '0982382652', '2018-08-05 02:47:15', '2018-08-05 02:47:15'),
(33, 'tuấn kiệt', '9738', 110, '01217318889', '2018-08-05 02:50:00', '2018-08-05 02:50:00'),
(34, 'duy anh', '9738', 110, '01217318888', '2018-08-05 02:51:42', '2018-08-05 02:51:42'),
(35, 'dũng', '40471', 125, '0906889856', '2018-08-05 03:02:17', '2018-08-05 03:02:17'),
(36, 'bạn a hải', '56760', 150, '0906889811', '2018-08-05 03:05:09', '2018-08-05 03:05:09'),
(37, 'Văn khánh', '05551', 150, '0898083745', '2018-08-05 03:18:19', '2018-08-05 03:18:19'),
(38, 'hoài nam', '14118', 250, '0937956829', '2018-08-05 03:54:56', '2018-08-05 03:54:56'),
(39, 'quốc hưng', '56460', 150, '01284035091', '2018-08-05 03:57:14', '2018-08-05 03:57:14'),
(40, 'bin', '11851', 250, '01692212154+', '2018-08-05 04:11:49', '2018-08-05 04:11:49'),
(41, 'nhật', '62764', 110, '01685264955', '2018-08-05 04:15:30', '2018-08-05 04:15:30'),
(42, 'vochouer 150k', '5455', 150, '0154846464', '2018-08-05 04:21:24', '2018-08-05 04:21:24'),
(43, 'minh chung', '80711-37822', 150, '123654', '2018-08-05 04:43:44', '2018-08-05 04:43:44'),
(44, 'Huy thái', '05053', 300, '01695022669', '2018-08-05 05:06:54', '2018-08-05 05:06:54'),
(45, 'Khánh', '05501', 150, '01695022669', '2018-08-05 05:18:15', '2018-08-05 05:18:15'),
(46, 'Khánh', '05501', 150, '01695022446', '2018-08-05 05:20:12', '2018-08-05 05:20:12'),
(47, 'Hưng', '01151', 300, '01244663345', '2018-08-05 05:29:20', '2018-08-05 05:29:20'),
(48, 'Duy', '30712', 125, '0933490870', '2018-08-05 06:21:56', '2018-08-05 06:21:56'),
(49, 'Chung', '16180-80711-01064-37822', 110, '01695022336', '2018-08-05 06:34:28', '2018-08-05 06:34:28'),
(50, 'Anh Thảo', '67772', 125, '0914303084', '2018-08-05 07:07:05', '2018-08-05 07:07:05'),
(51, 'Anh cường', '49690', 110, '0905332687', '2018-08-05 07:07:34', '2018-08-05 07:07:34'),
(52, 'Anh Ân', '06275', 110, '0960970222', '2018-08-05 07:13:45', '2018-08-05 07:13:45'),
(53, 'Trường', '34722', 135, '17899452', '2018-08-05 07:34:01', '2018-08-05 07:34:01'),
(54, 'chú Phước', '42960', 125, '0908555092', '2018-08-05 08:38:28', '2018-08-05 08:38:28'),
(55, 'anh Chỉnh', '25042', 150, '122121211', '2018-08-05 08:43:06', '2018-08-05 08:43:06'),
(56, 'ab', '44423', 125, '4565455', '2018-08-05 08:47:11', '2018-08-05 08:47:11'),
(57, 'blade', '39027', 110, '45654558', '2018-08-05 08:48:28', '2018-08-05 08:48:28'),
(58, 'trúc', '65897', 110, '123654', '2018-08-05 09:26:21', '2018-08-05 09:26:21'),
(59, 'Chú lộc ký', '112', 123, '321', '2018-08-05 09:43:20', '2018-08-05 09:43:20'),
(60, 'Tuấn', '36303', 125, '0975679871', '2018-08-06 04:44:17', '2018-08-06 04:44:17'),
(61, 'BV Anh ngữ', '7976', 110, '000123', '2018-08-07 02:06:18', '2018-08-07 02:06:18'),
(62, 'Bình', '42733', 125, NULL, '2018-08-07 03:33:33', '2018-08-07 03:33:33'),
(63, 'Bình', '42733', 120, '123122335', '2018-08-07 03:57:44', '2018-08-07 03:57:44'),
(64, 'Mr Hòa', '111111', 110, '0975609155', '2018-08-07 05:46:37', '2018-08-07 05:46:37'),
(65, 'kawasaki tour', '123654', 122654, '125954', '2018-08-07 07:06:14', '2018-08-07 07:06:14'),
(66, 'đồng tâm', '24246', 150, '01668822478', '2018-08-07 07:15:45', '2018-08-07 07:15:45'),
(67, 'Anh', '73265', 110, '73265', '2018-08-07 11:22:39', '2018-08-07 11:22:39'),
(68, 'cdt', '111111', 110, '1111111', '2018-08-07 14:32:28', '2018-08-07 14:32:28'),
(69, 'Anh ngữ', '13393', 110, '23654', '2018-08-08 02:46:01', '2018-08-08 02:46:01'),
(70, 'Anh bình', '96368', 150, '125842', '2018-08-08 10:25:12', '2018-08-08 10:25:12'),
(71, '70126', '70126', 150, '1258425', '2018-08-08 10:54:23', '2018-08-08 10:54:23'),
(72, 'Ân', '19232', 125, '0916666446', '2018-08-08 11:29:05', '2018-08-08 11:29:05'),
(73, '98527', '98527', 150, '125852', '2018-08-09 01:08:04', '2018-08-09 01:08:04'),
(74, 'Anh minh', '5935', 100, '1258525', '2018-08-09 01:34:47', '2018-08-09 01:34:47'),
(75, '53442', '53442', 125, '53442', '2018-08-09 02:02:20', '2018-08-09 02:02:20'),
(76, 'Anh bình', '38878', 150, '38878', '2018-08-09 04:25:16', '2018-08-09 04:25:16'),
(77, '56760', '56760', 150, '56760', '2018-08-09 04:45:14', '2018-08-09 04:45:14'),
(78, 'Anh Hòa', '01241', 110, '0975159155', '2018-08-09 05:00:06', '2018-08-09 05:00:06'),
(79, '22546', '22546', 125, '22546', '2018-08-09 05:22:19', '2018-08-09 05:22:19'),
(80, 'Anh Danh', '16911', 110, '16911', '2018-08-09 06:11:17', '2018-08-09 06:11:17'),
(81, 'Anh Đại', '52668', 110, '52668', '2018-08-09 07:24:04', '2018-08-09 07:24:04'),
(82, '24246', '24246', 150, '24246', '2018-08-09 08:11:21', '2018-08-09 08:11:21'),
(83, 'CHU', '06815', 110, '12235585', '2018-08-09 12:09:40', '2018-08-09 12:09:40'),
(87, 'anh', '08656', 150, '34644364', '2018-08-09 13:25:11', '2018-08-09 13:25:11'),
(88, 'Trương văn lịnh', '42429', 150, '0984509582', '2018-08-09 14:07:17', '2018-08-09 14:07:17'),
(89, 'anh', '11111', 150, '01219990121', '2018-08-09 14:14:24', '2018-08-09 14:14:24'),
(90, 'anh', '1111', 150, '01219990121', '2018-08-09 14:15:14', '2018-08-09 14:15:14'),
(91, 'chu', NULL, NULL, '3545++457', '2018-08-09 14:48:53', '2018-08-09 14:48:53'),
(93, 'viet', NULL, NULL, '01215467756', '2018-08-09 14:51:24', '2018-08-09 14:51:24'),
(94, 'nguyen', NULL, NULL, '0931253403', '2018-08-09 14:55:24', '2018-08-09 14:55:24'),
(96, 'Hải', NULL, NULL, '123', '2018-08-10 01:36:35', '2018-08-10 01:36:35'),
(97, '37268', '37268', 150, '37268', '2018-08-10 01:47:01', '2018-08-10 01:47:01'),
(98, '32776', '32776', 150, '32776', '2018-08-10 04:38:55', '2018-08-10 04:38:55'),
(100, 'anh', '04286', 150, '336554', '2018-08-10 05:50:25', '2018-08-10 05:50:25'),
(102, '08246', '08246', 125, '08246', '2018-08-10 05:55:13', '2018-08-10 05:55:13'),
(103, 'Nguyễn Đức Huy', '01283', 110, '08246', '2018-08-10 06:17:26', '2018-08-10 06:17:26'),
(104, 'Nguyễn Đức Lộc', '17458', 110, '17458', '2018-08-10 06:18:38', '2018-08-10 06:18:38'),
(105, 'Nguyễn đức huy', '01283', 110, '01283', '2018-08-10 06:23:37', '2018-08-10 06:23:37'),
(106, 'Anh Vũ', '97138', 150, '97138', '2018-08-10 07:09:32', '2018-08-10 07:09:32'),
(107, 'Chị Tư', '92032', 92032, '0983737546', '2018-08-10 09:47:37', '2018-08-10 09:47:37'),
(108, 'Chị Loan', '24662', 125, '24662', '2018-08-10 10:39:43', '2018-08-10 10:39:43'),
(109, '53452', '53452', 150, '53452', '2018-08-10 14:23:22', '2018-08-10 14:23:22'),
(110, 'KHACH', '1122252', NULL, '0313131', '2018-08-11 01:06:24', '2018-08-11 01:06:24'),
(111, 'ANH', '4969', 110, '12313413', '2018-08-11 01:17:59', '2018-08-11 01:17:59'),
(113, 'CHU', '4969', 110, '14644', '2018-08-11 01:28:30', '2018-08-11 01:28:30'),
(115, 'Anh Duy', '15223', 150, '15223', '2018-08-11 01:31:54', '2018-08-11 01:31:54'),
(116, 'Lôc Ký', NULL, NULL, '123654', '2018-08-11 01:33:48', '2018-08-11 01:33:48'),
(117, 'Lộc Ký', '15223', 150, '15555', '2018-08-11 01:37:16', '2018-08-11 01:37:16'),
(118, 'Chị Quyên', '29419', 125, '155555', '2018-08-11 01:39:47', '2018-08-11 01:39:47'),
(119, 'Khách mua đi', NULL, NULL, 'Khách mua đi', '2018-08-11 02:00:18', '2018-08-11 02:00:18'),
(120, 'Chị lệ', '37362', 125, 'Chị lệ', '2018-08-11 02:30:51', '2018-08-11 02:30:51'),
(121, 'Chị thùy', '13871', 125, 'Chị thùy', '2018-08-11 02:50:32', '2018-08-11 02:50:32'),
(122, '46174', '46174', 150, '46174', '2018-08-11 03:19:59', '2018-08-11 03:19:59'),
(123, 'song linh', '14799', 125, 'song linh', '2018-08-11 04:41:59', '2018-08-11 04:41:59'),
(124, 'Anh Phúc', '80990', 125, 'Anh Phúc', '2018-08-11 04:44:34', '2018-08-11 04:44:34'),
(125, 'Anh tân', '13205', 900, '13205', '2018-08-11 05:33:05', '2018-08-11 05:33:05'),
(126, 'chị Quyền', '03786', 125, '03786', '2018-08-11 05:50:19', '2018-08-11 05:50:19'),
(127, 'Long', '26386', 125, '26386', '2018-08-11 06:01:25', '2018-08-11 06:01:25'),
(128, '59X235354', '59X235354', 110, '59X235354', '2018-08-11 07:34:36', '2018-08-11 07:34:36'),
(129, 'Anh Công', '40707', 135, '40707', '2018-08-11 07:57:57', '2018-08-11 07:57:57'),
(130, 'hồ', NULL, NULL, 'hồ', '2018-08-11 08:01:18', '2018-08-11 08:01:18'),
(131, '2361', '2361', 110, '2361', '2018-08-11 08:04:10', '2018-08-11 08:04:10'),
(132, 'Khách tại bàn', NULL, NULL, 'Khách tại bàn', '2018-08-11 09:12:53', '2018-08-11 09:12:53'),
(133, 'Nguyễn Trọng Bình', '4680', 100, '4680', '2018-08-11 10:08:58', '2018-08-11 10:08:58'),
(134, 'Hồ', NULL, NULL, '0958042305', '2018-08-11 14:06:50', '2018-08-11 14:06:50'),
(135, 'kiet', '24428', 110, '123456789', '2018-08-12 01:14:39', '2018-08-12 01:14:39'),
(136, 'duy', '15223', 150, '123456321', '2018-08-12 02:11:49', '2018-08-12 02:11:49'),
(137, 'anh long', '29940', 125, '7899456', '2018-08-12 02:19:36', '2018-08-12 02:19:36'),
(138, 'khach hang', '00000', 125, '000000', '2018-08-12 02:35:21', '2018-08-12 02:35:21'),
(139, 'anh trang', '98958', 125, '5555555', '2018-08-12 03:03:04', '2018-08-12 03:03:04'),
(140, 'anh trang', '98958', 125, '5555555', '2018-08-12 03:06:58', '2018-08-12 03:06:58'),
(141, 'anh trang', '98958', 125, '5555555', '2018-08-12 03:07:35', '2018-08-12 03:07:35'),
(142, 'anh trang', '98958', 125, '5555555', '2018-08-12 03:08:03', '2018-08-12 03:08:03'),
(143, 'khach la', '7328', 125, '444444', '2018-08-12 03:29:06', '2018-08-12 03:29:06'),
(144, 'khach la', '7328', 125, '444444', '2018-08-12 03:29:17', '2018-08-12 03:29:17'),
(145, 'khach quen', '3663', 125, '222222', '2018-08-12 03:44:42', '2018-08-12 03:44:42'),
(146, 'tinh nhan', '25042', 125, '11111', '2018-08-12 03:49:05', '2018-08-12 03:49:05'),
(147, 'cafe', '7328', 125, '777777', '2018-08-12 03:53:27', '2018-08-12 03:53:27'),
(148, 'cafe', '7328', 125, '777777', '2018-08-12 03:53:35', '2018-08-12 03:53:35'),
(149, 'anh khang', '20407', 250, '33333', '2018-08-12 04:21:20', '2018-08-12 04:21:20'),
(150, 'anh hiep', '54555', 125, '999999', '2018-08-12 04:38:27', '2018-08-12 04:38:27'),
(151, 'Phúc', '59x2-98256', 150, '59x2-98256', '2018-08-12 04:53:29', '2018-08-12 04:53:29'),
(152, 'Xuất Anh Hải', '79v1-37382', 150, '0974159968', '2018-08-12 06:03:43', '2018-08-12 06:03:43'),
(153, 'anh hoan', '82648', 125, '82648', '2018-08-12 07:16:43', '2018-08-12 07:16:43'),
(154, 'anh hai', '24548', 150, '24548', '2018-08-12 07:25:02', '2018-08-12 07:25:02'),
(155, 'Anh Trọng', '94H2-0172', 110, '94H2-0172', '2018-08-12 07:39:41', '2018-08-12 07:39:41'),
(156, 'Anh Cường', '59X2-60309', 150, '59X2-60309', '2018-08-12 07:52:35', '2018-08-12 07:52:35'),
(157, 'Anh Hải', '79C1-70859', 125, '79C1-70859', '2018-08-12 07:59:07', '2018-08-12 07:59:07'),
(158, '59H1-06134', '59H1-06134', 110, '59H1-06134', '2018-08-12 08:01:10', '2018-08-12 08:01:10'),
(159, 'Võ minh khang', '52x21570', 110, '52x21570', '2018-08-12 08:29:53', '2018-08-12 08:29:53'),
(160, '59y261717', '59y261717', 125, '59y261717', '2018-08-12 08:37:09', '2018-08-12 08:37:09'),
(161, 'anh phuc', '26676', 150, '26676', '2018-08-12 09:18:18', '2018-08-12 09:18:18'),
(162, 'anh lam', '77546', 150, '77546', '2018-08-12 09:27:39', '2018-08-12 09:27:39'),
(163, 'anh tuan', '50901', 150, '50901', '2018-08-12 09:32:12', '2018-08-12 09:32:12'),
(164, 'anh trung', '42699', 150, '42699', '2018-08-12 10:10:39', '2018-08-12 10:10:39'),
(165, 'anh danh', '6589', 150, '6589', '2018-08-12 10:14:20', '2018-08-12 10:14:20'),
(166, 'anh danh', '6589', 150, '6589', '2018-08-12 10:15:35', '2018-08-12 10:15:35'),
(167, 'anh danh', '6589', 150, '6589', '2018-08-12 10:16:23', '2018-08-12 10:16:23'),
(168, '52x3-7337', '52x3-7337', 110, '52x3-7337', '2018-08-12 10:21:47', '2018-08-12 10:21:47'),
(169, '55y2-6589', '55y2-6589', 125, '55y2-6589', '2018-08-12 10:22:44', '2018-08-12 10:22:44'),
(170, '59x267239', '59x267239', 125, '59x267239', '2018-08-12 10:23:58', '2018-08-12 10:23:58'),
(171, 'tuan anh', '16052', 150, '16052', '2018-08-12 11:23:35', '2018-08-12 11:23:35'),
(172, '89061', '89061', 150, '89061', '2018-08-12 11:39:03', '2018-08-12 11:39:03'),
(173, 'hogt', '0985042305', 150, '0985042305', '2018-08-12 11:46:33', '2018-08-12 11:46:33'),
(174, 'anh danh', '99175', 150, '99175', '2018-08-12 12:02:55', '2018-08-12 12:02:55'),
(175, 'Quốc anh', '59X325895', 150, '59X325895', '2018-08-12 12:08:07', '2018-08-12 12:08:07'),
(176, 'Phát', '49k153606', 120, '49k153606', '2018-08-12 12:16:53', '2018-08-12 12:16:53'),
(177, 'anh thach', '99496', 150, '99496', '2018-08-13 01:17:21', '2018-08-13 01:17:21'),
(178, 'anh thach', '99496', 150, '99496', '2018-08-13 01:19:19', '2018-08-13 01:19:19'),
(179, 'chi trang', '88324', 150, '88324', '2018-08-13 01:48:58', '2018-08-13 01:48:58'),
(180, '59A3 08634', '59A3 08634', 300, '59A3 08634', '2018-08-13 03:05:51', '2018-08-13 03:05:51'),
(181, 'A Hòa', '59S1 26840', 125, '59S1 26840', '2018-08-13 03:08:07', '2018-08-13 03:08:07'),
(182, 'A Hòa', '59A3 14378', 300, '59A3 14378', '2018-08-13 03:08:49', '2018-08-13 03:08:49'),
(183, 'A út', '51R1 7551', 110, '51R1 7551', '2018-08-13 03:23:20', '2018-08-13 03:23:20'),
(184, 'anh long', '27906', 150, '27906', '2018-08-13 05:04:28', '2018-08-13 05:04:28'),
(185, 'anh tan', '000000', 150, '01666188896', '2018-08-13 09:21:28', '2018-08-13 09:21:28'),
(186, 'anh tai', '85921', 150, '85921', '2018-08-13 12:15:54', '2018-08-13 12:15:54'),
(187, 'anh tan', '27586', 150, '27586', '2018-08-13 13:33:44', '2018-08-13 13:33:44'),
(188, 'anh tam', '12869', 150, '12869', '2018-08-14 01:15:56', '2018-08-14 01:15:56'),
(189, 'Hoàng', '54us8111', 110, '01286289333', '2018-08-14 02:30:58', '2018-08-14 02:30:58'),
(190, 'anh tam', '16813', 150, '16813', '2018-08-14 04:33:02', '2018-08-14 04:33:02'),
(191, 'anh vi', '74871', 150, '74871', '2018-08-14 04:34:24', '2018-08-14 04:34:24'),
(192, 'chi duyen', '789789', 150, '789789', '2018-08-14 08:09:05', '2018-08-14 08:09:05'),
(193, 'anh nhan', '16793', 150, '0947701466', '2018-08-14 11:28:55', '2018-08-14 11:28:55'),
(194, 'anh phuoc', '36199', 150, '36199', '2018-08-14 11:57:28', '2018-08-14 11:57:28'),
(195, 'A Sang', '71c252201', 125, '0968548830', '2018-08-14 12:01:52', '2018-08-14 12:01:52'),
(196, 'A Phuoc', '59x236199', 150, '01229043941', '2018-08-14 12:04:05', '2018-08-14 12:04:05'),
(197, '53xc2998', '53xc2998', 50, '53xc2998', '2018-08-14 12:15:24', '2018-08-14 12:15:24'),
(198, 'ban anh hai', '45645', 150, '0934154989', '2018-08-15 02:07:07', '2018-08-15 02:07:07'),
(199, '16004', '16004', 150, '16004', '2018-08-15 04:07:23', '2018-08-15 04:07:23'),
(200, 'anh duc', '16752', 150, '16752', '2018-08-15 04:19:44', '2018-08-15 04:19:44'),
(201, 'Soan', '79V116004', 110, '79V116004', '2018-08-15 05:14:18', '2018-08-15 05:14:18'),
(202, 'e thuy', '13871', 150, '13871', '2018-08-15 07:01:21', '2018-08-15 07:01:21'),
(203, 'anh tien', '94542', 150, '94542', '2018-08-15 08:35:39', '2018-08-15 08:35:39'),
(204, 'anh thuan', '08950', 150, '08950', '2018-08-15 09:34:06', '2018-08-15 09:34:06'),
(205, 'quoc anh', '44798', 150, '44798', '2018-08-15 10:30:30', '2018-08-15 10:30:30'),
(206, 'khach cafe', '123456', 150, '123456', '2018-08-15 12:01:28', '2018-08-15 12:01:28'),
(207, 'anh tri', '14149', 150, '14149', '2018-08-15 12:53:14', '2018-08-15 12:53:14'),
(208, 'chi lan', '67752', 150, '67752', '2018-08-16 01:49:25', '2018-08-16 01:49:25'),
(209, 'tra đa', '02393', 150, '02393', '2018-08-16 02:50:32', '2018-08-16 02:50:32'),
(210, '59x292519', '59x292519', 150, '59x292519', '2018-08-16 02:52:09', '2018-08-16 02:52:09'),
(211, 'Hưng', '77e117989', 125, '0913749898', '2018-08-16 03:08:25', '2018-08-16 03:08:25'),
(212, 'anh lam', '82840', 150, '82840', '2018-08-16 04:59:04', '2018-08-16 04:59:04'),
(213, 'anh duy', '75662', 150, '75662', '2018-08-16 06:10:41', '2018-08-16 06:10:41'),
(214, 'anh teo', '0931253403', 150, '0931253403', '2018-08-16 06:42:23', '2018-08-16 06:42:23'),
(215, 'anh teo', '000000', 150, '0931253403', '2018-08-16 06:43:18', '2018-08-16 06:43:18'),
(216, 'anh đat', '02191', 150, '0903350313', '2018-08-16 06:44:33', '2018-08-16 06:44:33'),
(217, 'anh nghia', '98527', 150, '98527', '2018-08-16 07:11:57', '2018-08-16 07:11:57'),
(218, 'KHACH QUEN', '95908', 150, '59N2-95908', '2018-08-16 07:55:45', '2018-08-16 07:55:45'),
(219, 'A Phương', '59x313205', 175, '59x313205', '2018-08-16 09:53:22', '2018-08-16 09:53:22'),
(220, '72h121910', '72h121910', 110, '72h121910', '2018-08-16 10:18:24', '2018-08-16 10:18:24'),
(221, 'Thành', '59x303078', 150, '59x303078', '2018-08-16 10:23:59', '2018-08-16 10:23:59'),
(222, '71C140032', '71C140032', 150, '71C140032', '2018-08-16 10:59:13', '2018-08-16 10:59:13'),
(223, 'Việt', '77f104977', 125, '0979471488', '2018-08-17 04:30:07', '2018-08-17 04:30:07'),
(224, 'chi phuong', '24333', 150, '24333', '2018-08-17 05:53:42', '2018-08-17 05:53:42'),
(225, 'anh duy', '84782', 150, '84782', '2018-08-17 07:48:42', '2018-08-17 07:48:42'),
(226, 'con gai đep', '12589', 150, '12589', '2018-08-17 08:05:22', '2018-08-17 08:05:22'),
(227, 'ngoc nu', '21643', 150, '21643', '2018-08-17 09:32:58', '2018-08-17 09:32:58'),
(228, 'anh truong', '42426', 150, '42426', '2018-08-17 09:57:40', '2018-08-17 09:57:40'),
(229, '59X2-76823', '59X2-76823', 125, '59X2-76823', '2018-08-17 10:13:58', '2018-08-17 10:13:58'),
(230, '76823', '76823', 125, '76823', '2018-08-17 10:17:34', '2018-08-17 10:17:34'),
(231, '25146', '25146', 125, '25146', '2018-08-17 10:19:22', '2018-08-17 10:19:22'),
(232, '71679', '71679', 150, '71679', '2018-08-17 10:51:31', '2018-08-17 10:51:31'),
(233, '28330', '28330', 150, '28330', '2018-08-17 10:52:46', '2018-08-17 10:52:46'),
(234, '26676', '26676', 125, '26676', '2018-08-17 11:05:08', '2018-08-17 11:05:08'),
(235, 'dŨNG', '72F157905', 150, '72F157905', '2018-08-17 11:36:01', '2018-08-17 11:36:01'),
(236, '59U124430', '59U124430', 125, '59U124430', '2018-08-17 11:37:59', '2018-08-17 11:37:59'),
(237, 'Chủ nhà', '59X279382', 110, '59X279382', '2018-08-17 11:39:16', '2018-08-17 11:39:16'),
(238, 'Lập', '59E157109', 110, '0982275094', '2018-08-17 12:27:07', '2018-08-17 12:27:07'),
(239, '59X231356', '59X231356', 150, '59X231356', '2018-08-17 12:27:53', '2018-08-17 12:27:53'),
(240, '59G157104', '59G157104', 125, '59G157104', '2018-08-18 03:00:32', '2018-08-18 03:00:32'),
(241, 'anh trong', '26386', 150, '26386', '2018-08-18 03:58:34', '2018-08-18 03:58:34'),
(242, '16223', '16223', 16223, '16223', '2018-08-19 01:10:52', '2018-08-19 01:10:52'),
(243, '27586', '27586', 150, '27586', '2018-08-19 01:13:40', '2018-08-19 01:13:40'),
(244, '99436', '99436', 150, '99436', '2018-08-19 02:43:43', '2018-08-19 02:43:43'),
(245, '2869', '2869', 2869, '2869', '2018-08-19 02:47:11', '2018-08-19 02:47:11'),
(246, 'anh quoc', '2689', 150, '2689', '2018-08-19 03:07:38', '2018-08-19 03:07:38'),
(247, 'Quốc', '71b313446', 150, '71b313446', '2018-08-19 03:32:01', '2018-08-19 03:32:01'),
(248, 'Hữu', '50N1-43620', 150, '50N1-43620', '2018-08-19 03:52:40', '2018-08-19 03:52:40'),
(249, 'Khang', '59M2-20407', 150, '59M2-20407', '2018-08-19 03:53:59', '2018-08-19 03:53:59'),
(250, 'Thành', '75D1-32247', 150, '75D1-32247', '2018-08-19 03:55:42', '2018-08-19 03:55:42'),
(251, '59X1-91200', '59X1-91200', 150, '59X1-91200', '2018-08-19 04:02:26', '2018-08-19 04:02:26'),
(252, 'Chú Phục', '59X2-33531', 110, '0913192608', '2018-08-19 04:07:39', '2018-08-19 04:07:39'),
(253, '59x3-16752', '59x3-16752', 110, '59x3-16752', '2018-08-19 06:24:33', '2018-08-19 06:24:33'),
(254, '60c1-44243', '60c1-44243', 110, '60c1-44243', '2018-08-19 07:06:14', '2018-08-19 07:06:14'),
(255, 'Thắng', '68x146229', 150, '0125557272999', '2018-08-19 08:07:11', '2018-08-19 08:07:11'),
(256, 'Hữu', '59P2-51913', 110, '0988280001', '2018-08-19 09:00:26', '2018-08-19 09:00:26'),
(257, 'Triệu', '85C112598', 110, '0937577590', '2018-08-19 09:32:13', '2018-08-19 09:32:13'),
(258, 'Võ tán vũ', '59X330254', 150, '01633010205', '2018-08-19 09:38:44', '2018-08-19 09:38:44'),
(259, 'Sung', '60635', 125, '60635', '2018-08-19 13:19:56', '2018-08-19 13:19:56'),
(260, 'Danh', '59X308819', 110, '0984036390', '2018-08-20 02:19:50', '2018-08-20 02:19:50'),
(261, 'anh thien', '8154', 150, '8154', '2018-08-20 03:24:45', '2018-08-20 03:24:45'),
(262, 'Khac', '49E1-12439', 125, '0986742660', '2018-08-20 04:54:20', '2018-08-20 04:54:20'),
(263, 'Hung', '59A305810', 300, '0938315743', '2018-08-20 06:14:30', '2018-08-20 06:14:30'),
(264, 'Dat', '60B1-03676', 150, '60B1-03676', '2018-08-20 07:55:15', '2018-08-20 07:55:15'),
(265, 'anh bao', '40535', 150, '40535', '2018-08-20 09:19:22', '2018-08-20 09:19:22'),
(266, '77D1-11575', '77D1-11575', 110, '77D1-11575', '2018-08-20 09:48:44', '2018-08-20 09:48:44'),
(267, '54S4-8279', '54S4-8279', 110, '54S4-8279', '2018-08-20 10:06:58', '2018-08-20 10:06:58'),
(268, 'A.Hoa', '79V1-01241', 125, '0975159155', '2018-08-20 10:50:10', '2018-08-20 10:50:10'),
(269, '59S2-97287', '59S2-97287', 150, '59S2-97287', '2018-08-20 10:59:18', '2018-08-20 10:59:18'),
(270, '93B1-23544', '93B1-23544', 150, '93B1-23544', '2018-08-20 11:00:15', '2018-08-20 11:00:15'),
(271, '69391', '69391', 125, '69391', '2018-08-20 12:13:40', '2018-08-20 12:13:40'),
(272, '51S4-0123', '51S4-0123', 125, '51S4-0123', '2018-08-20 12:16:00', '2018-08-20 12:16:00'),
(273, '60BB5-84266', '60BB5-84266', 125, '60BB5-84266', '2018-08-20 12:16:42', '2018-08-20 12:16:42'),
(274, 'Xoan', '̀̀̀̀52F84459', 100, '0964053609', '2018-08-20 14:09:05', '2018-08-20 14:09:05'),
(275, 'anh hai', '99999', 150, '99999', '2018-08-21 01:58:17', '2018-08-21 01:58:17'),
(276, 'anh hung', '15807', 300, '01629251829', '2018-08-21 02:54:10', '2018-08-21 02:54:10'),
(277, 'anh thinh', '50Y128656', 150, '0909752020', '2018-08-21 03:55:27', '2018-08-21 03:55:27'),
(278, 'anh Thể', '70D1-35850', 110, '0934280128', '2018-08-21 07:25:30', '2018-08-21 06:42:45'),
(280, 'anh Ngọc', '59X2-98998', 125, '0935226628', '2018-08-21 07:09:36', '2018-08-21 07:09:36'),
(286, 'anh the', '70D1-35850', 110, '0934280128', '2018-08-21 07:19:34', '2018-08-21 07:19:34'),
(287, 'anh lực', '59Y2-82783', 110, '0989233093', '2018-08-21 08:10:32', '2018-08-21 08:10:32'),
(288, 'anh duy', '59A3-10413', 400, '0914664993', '2018-08-21 08:12:34', '2018-08-21 08:12:34'),
(289, '70H1-01350', '70H1-01350', 125, '70H1-01350', '2018-08-21 09:50:30', '2018-08-21 09:50:30'),
(290, 'chị thư', '85B1-31455', 125, '0988406684', '2018-08-21 11:03:42', '2018-08-21 11:03:42'),
(291, 'anh tran', '77L1-75925', 150, '0932557923', '2018-08-21 12:30:54', '2018-08-21 12:30:54'),
(292, '02191', '02191', 150, '02191', '2018-08-22 01:29:29', '2018-08-22 01:29:29'),
(293, 'Lam', '69E1-16035', 1355, '0916260102', '2018-08-22 02:43:56', '2018-08-22 02:43:56'),
(294, 'Hồ Duy Khương', '59B1-53711', 150, '01639007718', '2018-08-22 02:46:39', '2018-08-22 02:46:39'),
(295, 'Hằng', '72E1-01268', 125, '0938516400', '2018-08-22 02:54:34', '2018-08-22 02:54:34'),
(296, 'anh tuan', '07011', 150, '07011', '2018-08-22 03:43:33', '2018-08-22 03:43:33'),
(297, 'Huy', '59D1-59486', 150, '0906441248', '2018-08-22 04:33:56', '2018-08-22 04:33:56'),
(298, 'anh trường', '59T2-04296', 135, '0901429901', '2018-08-22 07:38:12', '2018-08-22 07:38:12'),
(299, 'anh vũ', '59X2-72376', 150, '01633014205', '2018-08-22 09:30:53', '2018-08-22 09:01:04'),
(300, 'anh Trường', '51S1-7181', 110, '0901429901', '2018-08-22 09:40:56', '2018-08-22 09:38:09'),
(301, 'tuấn Anh', '59X3-16052', 150, '0932235323', '2018-08-22 10:04:09', '2018-08-22 10:04:09'),
(302, 'anh phuoc', '59S2-82488', 150, '01268689909', '2018-08-22 10:58:05', '2018-08-22 10:58:05'),
(303, 'anh long', '59P2-62179', 150, '01626286934', '2018-08-22 12:40:17', '2018-08-22 12:40:17'),
(304, 'Ngân', '54S7-2232', 125, '0908030878', '2018-08-22 12:54:48', '2018-08-22 12:54:48');

-- --------------------------------------------------------

--
-- Table structure for table `companies`
--

CREATE TABLE `companies` (
  `id` int(10) UNSIGNED NOT NULL,
  `name` varchar(191) COLLATE utf8mb4_unicode_ci NOT NULL,
  `address` varchar(191) COLLATE utf8mb4_unicode_ci NOT NULL,
  `phone` varchar(20) COLLATE utf8mb4_unicode_ci NOT NULL,
  `created_at` timestamp NULL DEFAULT NULL,
  `updated_at` timestamp NULL DEFAULT NULL
) ENGINE=InnoDB DEFAULT CHARSET=utf8mb4 COLLATE=utf8mb4_unicode_ci;

--
-- Dumping data for table `companies`
--

INSERT INTO `companies` (`id`, `name`, `address`, `phone`, `created_at`, `updated_at`) VALUES
(1, 'Cong ty TNHH LIKEGROUP', '181 Nguyễn Duy Trinh', '0899496569', '2018-04-06 02:57:56', '2018-04-06 02:57:56'),
(9, 'Nhớt', 'Tân bình', '0973868686', '2018-08-04 18:14:50', '2018-08-04 18:14:50'),
(10, 'PEPSI', '202 quốc lộ 13, p.hiệp bình chánh, thủ đức, tp.hcm', '0903623609', '2018-08-04 20:56:43', '2018-08-04 20:56:43'),
(11, 'nhớt hộp số', 'BBC', '321', '2018-08-07 04:05:04', '2018-08-07 04:05:04');

-- --------------------------------------------------------

--
-- Table structure for table `contracts`
--

CREATE TABLE `contracts` (
  `id` int(11) NOT NULL,
  `contract_code` varchar(50) COLLATE utf8_unicode_ci NOT NULL,
  `customer_name` varchar(255) COLLATE utf8_unicode_ci NOT NULL,
  `note` text COLLATE utf8_unicode_ci,
  `user_id` int(10) NOT NULL,
  `created_at` timestamp NULL DEFAULT NULL,
  `updated_at` timestamp NULL DEFAULT NULL
) ENGINE=InnoDB DEFAULT CHARSET=utf8 COLLATE=utf8_unicode_ci;

-- --------------------------------------------------------

--
-- Table structure for table `contract_items`
--

CREATE TABLE `contract_items` (
  `id` int(11) NOT NULL,
  `contract_id` int(11) NOT NULL,
  `product_id` int(11) NOT NULL,
  `quantity` int(11) NOT NULL,
  `price` int(11) NOT NULL,
  `income` int(11) NOT NULL,
  `created_at` timestamp NULL DEFAULT NULL,
  `updated_at` timestamp NULL DEFAULT NULL
) ENGINE=InnoDB DEFAULT CHARSET=utf8 COLLATE=utf8_unicode_ci;

-- --------------------------------------------------------

--
-- Table structure for table `menus`
--

CREATE TABLE `menus` (
  `id` int(10) UNSIGNED NOT NULL,
  `name` varchar(100) COLLATE utf8mb4_unicode_ci NOT NULL,
  `created_at` timestamp NULL DEFAULT NULL,
  `updated_at` timestamp NULL DEFAULT NULL
) ENGINE=InnoDB DEFAULT CHARSET=utf8mb4 COLLATE=utf8mb4_unicode_ci;

--
-- Dumping data for table `menus`
--

INSERT INTO `menus` (`id`, `name`, `created_at`, `updated_at`) VALUES
(1, 'admin', '2018-03-17 04:23:21', '2018-03-17 05:08:48'),
(2, 'master', '2018-03-23 09:41:12', '2018-04-14 04:49:06');

-- --------------------------------------------------------

--
-- Table structure for table `menu_items`
--

CREATE TABLE `menu_items` (
  `id` int(10) UNSIGNED NOT NULL,
  `menu_id` int(10) UNSIGNED NOT NULL,
  `title` varchar(191) COLLATE utf8mb4_unicode_ci NOT NULL,
  `url` varchar(255) COLLATE utf8mb4_unicode_ci DEFAULT NULL,
  `target` varchar(20) COLLATE utf8mb4_unicode_ci DEFAULT NULL,
  `icon_class` varchar(255) COLLATE utf8mb4_unicode_ci DEFAULT NULL,
  `parent_id` int(10) UNSIGNED DEFAULT NULL,
  `order` int(10) UNSIGNED DEFAULT NULL,
  `route` varchar(255) COLLATE utf8mb4_unicode_ci DEFAULT NULL,
  `parameters` varchar(255) COLLATE utf8mb4_unicode_ci DEFAULT NULL,
  `image_path` varchar(255) COLLATE utf8mb4_unicode_ci NOT NULL,
  `created_at` timestamp NULL DEFAULT NULL,
  `updated_at` timestamp NULL DEFAULT NULL
) ENGINE=InnoDB DEFAULT CHARSET=utf8mb4 COLLATE=utf8mb4_unicode_ci;

--
-- Dumping data for table `menu_items`
--

INSERT INTO `menu_items` (`id`, `menu_id`, `title`, `url`, `target`, `icon_class`, `parent_id`, `order`, `route`, `parameters`, `image_path`, `created_at`, `updated_at`) VALUES
(1, 1, 'Dashboard', NULL, NULL, NULL, 0, 1, 'dashboard', NULL, 'uploads/1532801215.png', '2018-03-23 09:43:22', '2018-08-01 20:01:43'),
(4, 1, 'Người dùng', NULL, NULL, NULL, 0, 4, 'users.index', NULL, 'uploads/1532800412.png', '2018-03-23 09:45:29', '2018-08-01 20:01:43'),
(5, 1, 'Vai trò & Quyền', '#', NULL, NULL, 0, 5, NULL, NULL, 'uploads/1532800727.png', '2018-03-24 03:26:29', '2018-08-01 20:01:43'),
(6, 1, 'Vai trò', NULL, NULL, NULL, 5, 6, 'roles.index', NULL, '', '2018-03-24 03:31:57', '2018-08-01 20:01:43'),
(7, 1, 'Quyền', NULL, NULL, NULL, 5, 7, 'permissions.index', NULL, '', '2018-03-24 03:36:07', '2018-08-01 20:01:43'),
(8, 1, 'Menu Builder', NULL, NULL, NULL, 0, 8, 'menus.index', NULL, 'uploads/1532800871.png', '2018-03-24 03:38:24', '2018-08-09 14:41:52'),
(9, 1, 'Sản phẩm', '#', NULL, NULL, 0, 9, NULL, NULL, 'uploads/1532800938.png', '2018-03-30 03:05:23', '2018-08-09 14:41:52'),
(13, 1, 'Loại sản phẩm', NULL, NULL, NULL, 9, 10, 'products.types.index', NULL, '', '2018-03-30 08:08:20', '2018-08-09 14:41:52'),
(14, 1, 'Danh sách sản phẩm', NULL, NULL, NULL, 9, 11, 'products.index', NULL, '', '2018-03-30 08:15:33', '2018-08-09 14:41:52'),
(15, 1, 'Hóa đơn nhập', NULL, NULL, NULL, 0, 10, 'bill.import.index', NULL, 'uploads/1532801099.png', '2018-04-06 09:46:25', '2018-08-09 14:41:52'),
(24, 1, 'Khách Hàng', '', NULL, NULL, 0, 3, 'client.index', NULL, 'uploads/1532800267.png', '2018-07-27 17:00:00', '2018-08-01 20:01:43'),
(26, 1, 'Thanh Toán', '/pay', NULL, NULL, 0, 2, NULL, NULL, 'uploads/1532800649.png', '2018-07-28 17:00:00', '2018-08-01 20:01:43'),
(27, 1, 'Report Doanh Thu', NULL, NULL, NULL, 0, 6, 'report.index', NULL, 'uploads/1532883022.png', '2018-07-29 16:50:22', '2018-08-01 20:01:43'),
(28, 1, 'Report XNT', NULL, NULL, NULL, 0, 7, 'eximreport.index', NULL, 'uploads/1533825607.png', '2018-08-09 14:40:07', '2018-08-09 14:41:52'),
(29, 1, 'Quản Lý Kho', '/product-management', NULL, NULL, 0, 11, NULL, NULL, 'uploads/1554094184.png', '2019-04-01 04:34:10', '2019-04-01 04:49:44');

-- --------------------------------------------------------

--
-- Table structure for table `migrations`
--

CREATE TABLE `migrations` (
  `id` int(10) UNSIGNED NOT NULL,
  `migration` varchar(255) COLLATE utf8mb4_unicode_ci NOT NULL,
  `batch` int(11) NOT NULL
) ENGINE=InnoDB DEFAULT CHARSET=utf8mb4 COLLATE=utf8mb4_unicode_ci;

--
-- Dumping data for table `migrations`
--

INSERT INTO `migrations` (`id`, `migration`, `batch`) VALUES
(1, '2014_10_12_000000_create_users_table', 1),
(2, '2014_10_12_100000_create_password_resets_table', 1),
(3, '2018_03_10_031326_laratrust_setup_tables', 1),
(4, '2018_03_17_091235_create_menus_table', 2),
(5, '2018_03_17_091522_create_menu_items_table', 2),
(6, '2018_03_30_092651_create_table_product_types', 3),
(7, '2018_03_30_094302_create_table_products', 3),
(8, '2018_03_31_113117_create_table_companies', 4),
(9, '2018_03_31_113148_create_table_bill_types', 4),
(10, '2018_03_31_113211_create_table_bills', 4),
(11, '2018_03_31_113620_create_table_product_bills', 4),
(12, '2018_04_06_160349_create_datas_table', 5),
(13, '2018_04_07_090557_update_products_table', 6);

-- --------------------------------------------------------

--
-- Table structure for table `password_resets`
--

CREATE TABLE `password_resets` (
  `email` varchar(150) COLLATE utf8mb4_unicode_ci NOT NULL,
  `token` varchar(100) COLLATE utf8mb4_unicode_ci NOT NULL,
  `created_at` timestamp NULL DEFAULT NULL
) ENGINE=InnoDB DEFAULT CHARSET=utf8mb4 COLLATE=utf8mb4_unicode_ci;

-- --------------------------------------------------------

--
-- Table structure for table `permissions`
--

CREATE TABLE `permissions` (
  `id` int(10) UNSIGNED NOT NULL,
  `name` varchar(50) COLLATE utf8mb4_unicode_ci NOT NULL,
  `display_name` varchar(50) COLLATE utf8mb4_unicode_ci DEFAULT NULL,
  `description` varchar(255) COLLATE utf8mb4_unicode_ci DEFAULT NULL,
  `created_at` timestamp NULL DEFAULT NULL,
  `updated_at` timestamp NULL DEFAULT NULL
) ENGINE=InnoDB DEFAULT CHARSET=utf8mb4 COLLATE=utf8mb4_unicode_ci;

--
-- Dumping data for table `permissions`
--

INSERT INTO `permissions` (`id`, `name`, `display_name`, `description`, `created_at`, `updated_at`) VALUES
(1, 'create-users', 'Create Users', 'Create Users', '2018-04-14 03:40:58', '2018-04-14 03:40:58'),
(2, 'read-users', 'Read Users', 'Read Users', '2018-04-14 03:40:58', '2018-04-14 03:40:58'),
(3, 'update-users', 'Update Users', 'Update Users', '2018-04-14 03:40:58', '2018-04-14 03:40:58'),
(4, 'delete-users', 'Delete Users', 'Delete Users', '2018-04-14 03:40:58', '2018-04-14 03:40:58'),
(5, 'create-acl', 'Create Acl', 'Create Acl', '2018-04-14 03:40:58', '2018-04-14 03:40:58'),
(6, 'read-acl', 'Read Acl', 'Read Acl', '2018-04-14 03:40:58', '2018-04-14 03:40:58'),
(7, 'update-acl', 'Update Acl', 'Update Acl', '2018-04-14 03:40:58', '2018-04-14 03:40:58'),
(8, 'delete-acl', 'Delete Acl', 'Delete Acl', '2018-04-14 03:40:58', '2018-04-14 03:40:58'),
(9, 'read-profile', 'Read Profile', 'Read Profile', '2018-04-14 03:40:58', '2018-04-14 03:40:58'),
(10, 'update-profile', 'Update Profile', 'Update Profile', '2018-04-14 03:40:58', '2018-04-14 03:40:58'),
(11, 'create-roles', 'Create Roles', 'Create Roles', '2018-04-14 03:40:58', '2018-04-14 03:40:58'),
(12, 'read-roles', 'Read Roles', 'Read Roles', '2018-04-14 03:40:58', '2018-04-14 03:40:58'),
(13, 'update-roles', 'Update Roles', 'Update Roles', '2018-04-14 03:40:58', '2018-04-14 03:40:58'),
(14, 'delete-roles', 'Delete Roles', 'Delete Roles', '2018-04-14 03:40:59', '2018-04-14 03:40:59'),
(15, 'create-permissions', 'Create Permissions', 'Create Permissions', '2018-04-14 03:40:59', '2018-04-14 03:40:59'),
(16, 'read-permissions', 'Read Permissions', 'Read Permissions', '2018-04-14 03:40:59', '2018-04-14 03:40:59'),
(17, 'update-permissions', 'Update Permissions', 'Update Permissions', '2018-04-14 03:40:59', '2018-04-14 03:40:59'),
(18, 'delete-permissions', 'Delete Permissions', 'Delete Permissions', '2018-04-14 03:40:59', '2018-04-14 03:40:59'),
(19, 'create-menus', 'Create Menus', 'Create Menus', '2018-04-14 03:40:59', '2018-04-14 03:40:59'),
(20, 'read-menus', 'Read Menus', 'Read Menus', '2018-04-14 03:40:59', '2018-04-14 03:40:59'),
(21, 'update-menus', 'Update Menus', 'Update Menus', '2018-04-14 03:40:59', '2018-04-14 03:40:59'),
(22, 'delete-menus', 'Delete Menus', 'Delete Menus', '2018-04-14 03:40:59', '2018-04-14 03:40:59'),
(23, 'create-products', 'Create Products', 'Create Products', '2018-04-14 03:40:59', '2018-04-14 03:40:59'),
(24, 'read-products', 'Read Products', 'Read Products', '2018-04-14 03:40:59', '2018-04-14 03:40:59'),
(25, 'update-products', 'Update Products', 'Update Products', '2018-04-14 03:40:59', '2018-04-14 03:40:59'),
(26, 'delete-products', 'Delete Products', 'Delete Products', '2018-04-14 03:40:59', '2018-04-14 03:40:59'),
(27, 'create-imports', 'Create Imports', 'Create Imports', '2018-04-14 03:40:59', '2018-04-14 03:40:59'),
(28, 'read-imports', 'Read Imports', 'Read Imports', '2018-04-14 03:40:59', '2018-04-14 03:40:59'),
(29, 'update-imports', 'Update Imports', 'Update Imports', '2018-04-14 03:40:59', '2018-04-14 03:40:59'),
(30, 'delete-imports', 'Delete Imports', 'Delete Imports', '2018-04-14 03:40:59', '2018-04-14 03:40:59'),
(31, 'create-exports', 'Create Exports', 'Create Exports', '2018-04-14 03:40:59', '2018-04-14 03:40:59'),
(32, 'read-exports', 'Read Exports', 'Read Exports', '2018-04-14 03:40:59', '2018-04-14 03:40:59'),
(33, 'update-exports', 'Update Exports', 'Update Exports', '2018-04-14 03:40:59', '2018-04-14 03:40:59'),
(34, 'delete-exports', 'Delete Exports', 'Delete Exports', '2018-04-14 03:41:00', '2018-04-14 03:41:00'),
(35, 'create-contracts', 'Create Contracts', 'Create Contracts', '2018-04-14 03:41:00', '2018-04-14 03:41:00'),
(36, 'read-contracts', 'Read Contracts', 'Read Contracts', '2018-04-14 03:41:00', '2018-04-14 03:41:00'),
(37, 'update-contracts', 'Update Contracts', 'Update Contracts', '2018-04-14 03:41:00', '2018-04-14 03:41:00'),
(38, 'delete-contracts', 'Delete Contracts', 'Delete Contracts', '2018-04-14 03:41:00', '2018-04-14 03:41:00'),
(39, 'read-bills', 'Xem Hóa Đơn Nhập', 'Xem Hóa Đơn Nhập', '2018-06-20 17:10:19', '2018-08-11 10:11:17'),
(40, 'create-bills', 'Tạo Hóa Đơn Nhập', 'Tạo Hóa Đơn Nhập', '2018-06-20 17:11:54', '2018-08-11 10:11:44'),
(41, 'read-clients', 'Xem Khách Hàng', 'read-clients', '2018-07-28 17:27:01', '2018-07-28 17:27:01'),
(42, 'read-exlm', 'Xem Report Xuất Nhập Tồn', 'Xem Report Xuất Nhập Tồn', '2018-08-11 10:04:51', '2018-08-11 10:04:51'),
(43, 'read-revenue', 'Xem Report Doanh Thu', 'Xem Report Doanh Thu', '2018-08-11 10:08:15', '2018-08-11 10:08:15'),
(44, 'read-product', 'Xem Sản Phẩm', 'Xem Sản Phẩm', '2018-08-11 10:36:23', '2018-08-11 10:36:23'),
(45, 'create-product', 'Nhập Sản Phẩm', 'Nhập Sản Phẩm', '2018-08-11 10:36:41', '2018-08-11 10:36:41');

-- --------------------------------------------------------

--
-- Table structure for table `permission_role`
--

CREATE TABLE `permission_role` (
  `permission_id` int(10) UNSIGNED NOT NULL,
  `role_id` int(10) UNSIGNED NOT NULL
) ENGINE=InnoDB DEFAULT CHARSET=utf8mb4 COLLATE=utf8mb4_unicode_ci;

--
-- Dumping data for table `permission_role`
--

INSERT INTO `permission_role` (`permission_id`, `role_id`) VALUES
(1, 1),
(1, 2),
(2, 1),
(2, 2),
(3, 1),
(3, 2),
(4, 1),
(4, 2),
(5, 1),
(6, 1),
(7, 1),
(8, 1),
(9, 1),
(9, 2),
(9, 3),
(10, 1),
(10, 2),
(10, 3),
(11, 1),
(11, 2),
(12, 1),
(12, 2),
(13, 1),
(13, 2),
(14, 1),
(14, 2),
(15, 1),
(15, 2),
(16, 1),
(16, 2),
(17, 1),
(17, 2),
(18, 1),
(18, 2),
(19, 1),
(20, 1),
(21, 1),
(22, 1),
(23, 1),
(24, 1),
(25, 1),
(26, 1),
(27, 1),
(28, 1),
(29, 1),
(30, 1),
(31, 1),
(32, 1),
(33, 1),
(34, 1),
(35, 1),
(36, 1),
(37, 1),
(38, 1),
(39, 1),
(40, 1),
(41, 1),
(41, 2),
(41, 5),
(42, 1),
(42, 2),
(43, 1),
(43, 2),
(44, 1),
(44, 2),
(45, 1),
(45, 2);

-- --------------------------------------------------------

--
-- Table structure for table `permission_user`
--

CREATE TABLE `permission_user` (
  `permission_id` int(10) UNSIGNED NOT NULL,
  `user_id` int(10) UNSIGNED NOT NULL,
  `user_type` varchar(50) COLLATE utf8mb4_unicode_ci NOT NULL DEFAULT 'App\\\\User'
) ENGINE=InnoDB DEFAULT CHARSET=utf8mb4 COLLATE=utf8mb4_unicode_ci;

-- --------------------------------------------------------

--
-- Table structure for table `products`
--

CREATE TABLE `products` (
  `id` int(10) UNSIGNED NOT NULL,
  `code` varchar(20) COLLATE utf8mb4_unicode_ci NOT NULL,
  `name` varchar(191) COLLATE utf8mb4_unicode_ci NOT NULL,
  `description` text COLLATE utf8mb4_unicode_ci,
  `image` varchar(255) COLLATE utf8mb4_unicode_ci NOT NULL,
  `slug` text COLLATE utf8mb4_unicode_ci NOT NULL,
  `colors` text COLLATE utf8mb4_unicode_ci,
  `quantity` int(11) NOT NULL DEFAULT '0',
  `quantity_si` int(11) NOT NULL DEFAULT '0',
  `product_type_id` int(10) UNSIGNED NOT NULL,
  `created_at` timestamp NULL DEFAULT NULL,
  `updated_at` timestamp NULL DEFAULT NULL,
  `price` int(11) DEFAULT '0'
) ENGINE=InnoDB DEFAULT CHARSET=utf8mb4 COLLATE=utf8mb4_unicode_ci;

--
-- Dumping data for table `products`
--

INSERT INTO `products` (`id`, `code`, `name`, `description`, `image`, `slug`, `colors`, `quantity`, `quantity_si`, `product_type_id`, `created_at`, `updated_at`, `price`) VALUES
(8, '300V', 'Nhớt Motul 300v', NULL, '', 'nhot-motul-300v', 'null', 12, 0, 11, '2018-08-04 18:32:37', '2018-08-11 14:02:39', 420000),
(9, 'MOTUL 7100', 'Nhớt Motul 7100', NULL, '', 'nhot-motul-7100', 'null', 8, 0, 11, '2018-08-04 19:22:16', '2018-08-11 14:02:39', 170000),
(10, 'MOTUL 3100', 'Nhớt motul 3100 (1L)', NULL, '', 'nhot-motul-3100-1l', 'null', 5, 0, 11, '2018-08-04 19:24:01', '2018-08-22 08:34:22', 105000),
(11, 'LQ GEN 5-30', 'Nhớt liqui molygen 5w30 (tay ga)', NULL, '', 'nhot-liqui-molygen-5w30-tay-ga', 'null', 4, 0, 11, '2018-08-04 19:29:42', '2018-08-11 14:02:39', 280000),
(12, 'LQ 10-50', 'Nhớt Liqui 10w50 (1L)', NULL, '', 'nhot-liqui-10w50-1l', 'null', 6, 0, 11, '2018-08-04 19:33:14', '2018-08-11 14:02:39', 265000),
(13, 'RS RACCING', 'Nhớt Repsol racing 10w40', NULL, '', 'nhot-repsol-racing-10w40', 'null', 11, 0, 11, '2018-08-04 19:37:55', '2018-08-11 14:02:39', 270000),
(14, 'RS SCOOTER', 'Nhớt Repsol 5w40 (tay ga)', NULL, '', 'nhot-repsol-5w40-tay-ga', 'null', 10, 0, 11, '2018-08-04 19:53:56', '2018-08-14 12:14:36', 195000),
(15, 'RS SINTETICO', 'Nhớ Refsol sintetico 10w40 (số)', NULL, '', 'nho-refsol-sintetico-10w40-so', 'null', 11, 0, 11, '2018-08-04 19:55:09', '2018-08-22 09:47:02', 195000),
(16, 'CALTEX 1', 'Nhớt caltex havoline 15w40 (xe số 1L)', NULL, '', 'nhot-caltex-havoline-15w40-xe-so-1l', 'null', 8, 0, 11, '2018-08-04 19:58:30', '2018-08-15 06:40:29', 90000),
(17, 'CALTEX 2', 'Nhớt caltex havoline 10w40 (tay ga 1L)', NULL, '', 'nhot-caltex-havoline-10w40-tay-ga-1l', 'null', 0, 0, 11, '2018-08-04 19:59:22', '2018-08-21 07:41:51', 100000),
(18, 'DS MOTUL', 'Dưỡng sên motul', NULL, '', 'duong-sen-motul', 'null', 11, 0, 11, '2018-08-04 20:11:20', '2018-08-11 14:10:03', 290000),
(19, 'DS REPSOL', 'Dưỡng sên Repsol', NULL, '', 'duong-sen-repsol', 'null', 10, 0, 11, '2018-08-04 20:13:00', '2018-08-11 14:10:03', 155000),
(20, 'DS LIQUI', 'Dưỡng sên liqui', NULL, '', 'duong-sen-liqui', 'null', 11, 0, 11, '2018-08-04 20:14:57', '2018-08-12 06:07:22', 180000),
(21, 'RUA XE 1', 'Rửa xe <150cc', NULL, '', 'rua-xe-150cc', 'null', -133, 0, 9, '2018-08-04 20:16:00', '2018-08-22 13:22:10', 25000),
(22, 'RUA XE 2', 'Rửa xe 150-250cc', NULL, '', 'rua-xe-150-250cc', 'null', -62, 0, 9, '2018-08-04 20:27:31', '2018-08-22 11:25:57', 30000),
(23, 'RUA XE 3', 'Rửa xe >250cc', NULL, '', 'rua-xe-250cc', 'null', -6, 0, 9, '2018-08-04 20:28:02', '2018-08-21 03:58:58', 50000),
(24, 'PHNN', 'Phục hồi nhựa nhám', NULL, '', 'phuc-hoi-nhua-nham', 'null', -2, 0, 9, '2018-08-04 20:28:29', '2018-08-20 10:32:11', 30000),
(25, 'VSBD', 'Vệ sinh body (xe phổ thông <=175cc)', NULL, '', 've-sinh-body-xe-pho-thong-175cc', 'null', 0, 0, 9, '2018-08-04 20:29:21', '2018-08-22 14:23:57', 300000),
(26, 'PHU NANO', 'Phủ nano', NULL, '', 'phu-nano', 'null', 0, 0, 9, '2018-08-04 20:30:09', '2018-08-04 20:30:09', 400000),
(27, 'PEPSI', 'Pepsi lon', NULL, '', 'pepsi-lon', 'null', 17, 0, 10, '2018-08-04 20:35:05', '2018-08-16 07:41:38', 15000),
(28, 'PEPSI 2', 'Pepsi light lon', NULL, '', 'pepsi-light-lon', 'null', 23, 0, 10, '2018-08-04 20:36:50', '2018-08-11 14:10:03', 15000),
(29, '7UP', '7 up lon', NULL, '', '7-up-lon', 'null', 17, 0, 10, '2018-08-04 20:37:18', '2018-08-19 06:55:57', 15000),
(30, 'REVIVE', 'Revive PET 500ml', NULL, '', 'revive-pet-500ml', 'null', 20, 0, 10, '2018-08-04 20:39:19', '2018-08-16 10:35:35', 15000),
(31, 'REVIVE 2', 'Revive chanh muối 390ml', NULL, '', 'revive-chanh-muoi-390ml', 'null', 17, 0, 10, '2018-08-04 20:42:16', '2018-08-19 08:18:44', 15000),
(32, 'MRD', 'Mirinda cam lon', NULL, '', 'mirinda-cam-lon', 'null', 15, 0, 10, '2018-08-04 20:43:51', '2018-08-16 09:54:29', 15000),
(33, 'MRD 2', 'Mirinda xá xị lon', NULL, '', 'mirinda-xa-xi-lon', 'null', 15, 0, 10, '2018-08-04 20:45:22', '2018-08-17 10:35:31', 15000),
(34, 'SUOI', 'Nước suối 355ml', NULL, '', 'nuoc-suoi-355ml', 'null', 23, 0, 10, '2018-08-04 20:47:25', '2018-08-16 11:30:22', 7000),
(35, 'SUOI 2', 'Nước suối 500ml', NULL, '', 'nuoc-suoi-500ml', 'null', 22, 0, 10, '2018-08-04 20:48:02', '2018-08-14 13:51:06', 10000),
(36, 'ST DAU', 'Sting dâu lon', NULL, '', 'sting-dau-lon', 'null', 4, 0, 10, '2018-08-04 20:49:17', '2018-08-19 02:57:24', 15000),
(37, 'OLONG', 'Trà ô long', NULL, '', 'tra-o-long', 'null', 13, 0, 10, '2018-08-04 20:49:52', '2018-08-22 11:25:57', 15000),
(38, 'CF', 'Cafe đá', NULL, '', 'cafe-da', 'null', -22, 0, 10, '2018-08-05 01:09:32', '2018-08-20 03:22:12', 15000),
(39, 'CFS', 'Cafe sữa', NULL, '', 'cafe-sua', 'null', -25, 0, 10, '2018-08-05 01:11:32', '2018-08-19 10:10:39', 18000),
(40, 'NHS', 'Nhớt hôp số castrol', NULL, '', 'nhot-hop-so-castrol', 'null', 8, 0, 11, '2018-08-05 02:16:43', '2018-08-22 08:34:22', 50000),
(41, 'VSNSD', 'vệ sinh NSD >175', NULL, '', 've-sinh-nsd-175', 'null', -11, 0, 11, '2018-08-05 04:23:02', '2018-08-21 09:00:27', 45000),
(42, 'VSNSD 2', 'Vệ sinh NSD <=175cc', NULL, '', 've-sinh-nsd-175cc', 'null', -18, 0, 9, '2018-08-08 01:07:52', '2018-08-22 04:57:47', 40000),
(43, 'CAM', 'Cam vắt', NULL, '', 'cam-vat', 'null', -4, 0, 10, '2018-08-10 10:01:27', '2018-08-21 03:58:58', 25000),
(44, 'REDBULL', 'Bò cụng', NULL, '', 'bo-cung', 'null', 23, 0, 10, '2018-08-14 10:33:41', '2018-08-22 09:27:48', 17000),
(45, '11', 'Sữa trái cây cam', NULL, '', 'sua-trai-cay-cam', 'null', 19, 0, 10, '2018-08-14 10:34:47', '2018-08-22 10:05:51', 15000),
(46, '232', 'Sữa trái cây dâu', NULL, '', 'sua-trai-cay-dau', 'null', 22, 0, 10, '2018-08-14 10:35:01', '2018-08-22 08:40:14', 15000),
(47, 'LAVENDER', 'LAVENDER SODA', NULL, '', 'lavender-soda', 'null', -1, 0, 10, '2018-08-20 01:57:31', '2018-08-20 03:22:12', 28000),
(48, 'CS', 'Cam vắt sữa', NULL, '', 'cam-vat-sua', 'null', 0, 0, 10, '2018-08-22 12:51:06', '2018-08-22 12:51:06', 28000),
(49, 'LTS', 'Lipton Sữa', NULL, '', 'lipton-sua', 'null', 0, 0, 10, '2018-08-22 12:51:30', '2018-08-22 12:51:30', 25000),
(50, 'VSBDPKL', 'Vệ sinh body (xe PKL >175cc)', 'Vệ sinh body (xe PKL >175cc)', '', 've-sinh-body-xe-pkl-175cc', 'null', 0, 0, 9, '2018-08-22 14:29:56', '2018-08-22 14:29:56', 500000);

-- --------------------------------------------------------

--
-- Table structure for table `product_bills`
--

CREATE TABLE `product_bills` (
  `product_id` int(10) UNSIGNED NOT NULL,
  `bill_id` int(10) UNSIGNED NOT NULL,
  `quantity` int(10) UNSIGNED NOT NULL,
  `quantity_si` int(10) UNSIGNED DEFAULT NULL,
  `price` int(11) DEFAULT NULL
) ENGINE=InnoDB DEFAULT CHARSET=utf8mb4 COLLATE=utf8mb4_unicode_ci;

--
-- Dumping data for table `product_bills`
--

INSERT INTO `product_bills` (`product_id`, `bill_id`, `quantity`, `quantity_si`, `price`) VALUES
(17, 121, 1, NULL, 100000),
(17, 122, 1, NULL, 100000),
(21, 125, 1, NULL, 20000),
(32, 126, 1, NULL, 12000),
(11, 127, 1, NULL, 280000),
(21, 127, 1, NULL, 20000),
(29, 128, 1, NULL, 13000),
(32, 131, 1, NULL, 12000),
(39, 131, 1, NULL, 15000),
(21, 135, 1, NULL, 20000),
(39, 135, 1, NULL, 18000),
(22, 136, 1, NULL, 25000),
(22, 138, 1, NULL, 25000),
(21, 139, 1, NULL, 20000),
(22, 141, 3, NULL, 25000),
(41, 141, 1, NULL, 40000),
(17, 145, 1, NULL, 100000),
(21, 145, 1, NULL, 20000),
(21, 149, 1, NULL, 20000),
(38, 149, 1, NULL, 12000),
(21, 150, 1, NULL, 20000),
(21, 155, 1, NULL, 20000),
(38, 155, 1, NULL, 12000),
(37, 157, 1, NULL, 12000),
(38, 157, 1, NULL, 12000),
(36, 160, 1, NULL, 13000),
(38, 160, 1, NULL, 12000),
(22, 161, 1, NULL, 25000),
(33, 161, 2, NULL, 12000),
(38, 171, 2, NULL, 15000),
(33, 176, 2, NULL, 15000),
(39, 191, 1, NULL, 18000),
(38, 192, 1, NULL, 15000),
(39, 192, 1, NULL, 18000),
(39, 194, 1, NULL, 18000),
(23, 206, 1, NULL, 50000),
(41, 206, 1, NULL, 45000),
(27, 207, 1, NULL, 15000),
(38, 208, 1, NULL, 15000),
(43, 216, 1, NULL, 25000),
(40, 218, 10, NULL, 40000),
(27, 219, 24, NULL, 173000),
(28, 219, 24, NULL, 140000),
(29, 219, 24, NULL, 173000),
(30, 219, 24, NULL, 142000),
(31, 219, 24, NULL, 135000),
(32, 219, 24, NULL, 152000),
(33, 219, 24, NULL, 128000),
(34, 219, 24, NULL, 74000),
(35, 219, 24, NULL, 78000),
(36, 219, 24, NULL, 182000),
(37, 219, 24, NULL, 158000),
(8, 220, 12, NULL, 370000),
(9, 220, 6, NULL, 140000),
(10, 220, 10, NULL, 83000),
(11, 220, 6, NULL, 229000),
(12, 220, 6, NULL, 165000),
(13, 220, 12, NULL, 210000),
(14, 220, 12, NULL, 155000),
(15, 220, 12, NULL, 155000),
(16, 220, 10, NULL, 70000),
(17, 220, 14, NULL, 80000),
(18, 220, 12, NULL, 240000),
(19, 220, 12, NULL, 105000),
(20, 220, 12, NULL, 145000),
(18, 221, 1, NULL, 290000),
(19, 221, 2, NULL, 155000),
(27, 221, 1, NULL, 15000),
(28, 221, 1, NULL, 15000),
(29, 221, 2, NULL, 15000),
(30, 221, 2, NULL, 15000),
(31, 221, 2, NULL, 15000),
(33, 221, 2, NULL, 15000),
(36, 221, 14, NULL, 15000),
(37, 221, 2, NULL, 15000),
(21, 260, 1, NULL, 25000),
(21, 261, 1, NULL, 25000),
(39, 265, 1, NULL, 18000),
(44, 266, 24, NULL, 8300),
(45, 266, 24, NULL, 7100),
(46, 266, 24, NULL, 7100),
(32, 271, 2, NULL, 15000),
(35, 271, 1, NULL, 10000),
(37, 271, 1, NULL, 15000),
(38, 282, 1, NULL, 15000),
(45, 282, 1, NULL, 15000),
(10, 283, 1, NULL, 105000),
(21, 291, 1, NULL, 25000),
(30, 291, 1, NULL, 15000),
(22, 292, 1, NULL, 30000),
(22, 293, 1, NULL, 30000),
(34, 293, 1, NULL, 7000),
(42, 293, 1, NULL, 40000),
(39, 294, 1, NULL, 18000),
(21, 295, 1, NULL, 25000),
(36, 295, 1, NULL, 15000),
(45, 297, 1, NULL, 15000),
(21, 303, 1, NULL, 25000),
(31, 314, 1, NULL, 15000),
(29, 315, 1, NULL, 15000),
(46, 316, 1, NULL, 15000),
(31, 317, 1, NULL, 15000),
(36, 321, 2, NULL, 15000),
(39, 321, 2, NULL, 18000),
(22, 323, 1, NULL, 30000),
(38, 323, 1, NULL, 15000),
(22, 329, 1, NULL, 30000),
(39, 329, 1, NULL, 18000),
(21, 330, 1, NULL, 25000),
(42, 330, 1, NULL, 40000),
(29, 331, 1, NULL, 15000),
(31, 334, 1, NULL, 15000),
(21, 340, 1, NULL, 25000),
(38, 341, 1, NULL, 15000),
(47, 341, 1, NULL, 28000),
(22, 349, 1, NULL, 30000),
(22, 350, 1, NULL, 30000),
(42, 350, 1, NULL, 40000),
(21, 351, 1, NULL, 25000),
(21, 352, 1, NULL, 25000),
(21, 364, 1, NULL, 25000),
(22, 365, 1, NULL, 30000),
(42, 365, 1, NULL, 40000),
(21, 366, 1, NULL, 25000),
(10, 369, 1, NULL, 105000),
(21, 369, 1, NULL, 25000),
(40, 369, 1, NULL, 50000),
(46, 370, 1, NULL, 15000);

-- --------------------------------------------------------

--
-- Table structure for table `product_types`
--

CREATE TABLE `product_types` (
  `id` int(10) UNSIGNED NOT NULL,
  `name` varchar(191) COLLATE utf8mb4_unicode_ci NOT NULL,
  `created_at` timestamp NULL DEFAULT NULL,
  `updated_at` timestamp NULL DEFAULT NULL
) ENGINE=InnoDB DEFAULT CHARSET=utf8mb4 COLLATE=utf8mb4_unicode_ci;

--
-- Dumping data for table `product_types`
--

INSERT INTO `product_types` (`id`, `name`, `created_at`, `updated_at`) VALUES
(9, 'Dịch Vụ', '2018-03-31 03:25:48', '2018-07-29 03:41:02'),
(10, 'Thực Phẩm', '2018-08-02 08:41:56', '2018-08-02 08:41:56'),
(11, 'Sản Phẩm', '2018-08-02 08:42:25', '2018-08-02 08:42:25');

-- --------------------------------------------------------

--
-- Table structure for table `roles`
--

CREATE TABLE `roles` (
  `id` int(10) UNSIGNED NOT NULL,
  `name` varchar(100) COLLATE utf8mb4_unicode_ci NOT NULL,
  `display_name` varchar(50) COLLATE utf8mb4_unicode_ci DEFAULT NULL,
  `description` varchar(255) COLLATE utf8mb4_unicode_ci DEFAULT NULL,
  `created_at` timestamp NULL DEFAULT NULL,
  `updated_at` timestamp NULL DEFAULT NULL
) ENGINE=InnoDB DEFAULT CHARSET=utf8mb4 COLLATE=utf8mb4_unicode_ci;

--
-- Dumping data for table `roles`
--

INSERT INTO `roles` (`id`, `name`, `display_name`, `description`, `created_at`, `updated_at`) VALUES
(1, 'superadmin', 'Superadmin', 'Superadmin', '2018-04-14 03:40:58', '2018-04-14 03:40:58'),
(2, 'admin', 'Admin', 'Admin', '2018-04-14 03:41:02', '2018-04-14 03:41:02'),
(3, 'user', 'User', 'User', '2018-04-14 03:41:03', '2018-04-14 03:41:03'),
(4, 'kythuat', 'Kỹ Thuật', 'kythuat', '2018-07-29 19:24:49', '2018-07-29 19:24:49'),
(5, 'thungan', 'Thu Ngân', 'thungan', '2018-08-01 20:03:28', '2018-08-01 20:03:28');

-- --------------------------------------------------------

--
-- Table structure for table `role_user`
--

CREATE TABLE `role_user` (
  `role_id` int(10) UNSIGNED NOT NULL,
  `user_id` int(10) UNSIGNED NOT NULL,
  `user_type` varchar(50) COLLATE utf8mb4_unicode_ci NOT NULL DEFAULT 'App\\User'
) ENGINE=InnoDB DEFAULT CHARSET=utf8mb4 COLLATE=utf8mb4_unicode_ci;

--
-- Dumping data for table `role_user`
--

INSERT INTO `role_user` (`role_id`, `user_id`, `user_type`) VALUES
(1, 2, 'App\\User'),
(4, 3, 'App\\User'),
(1, 4, 'App\\User'),
(4, 6, 'App\\User'),
(5, 7, 'App\\User'),
(4, 8, 'App\\User'),
(4, 9, 'App\\User'),
(5, 11, 'App\\User');

-- --------------------------------------------------------

--
-- Table structure for table `users`
--

CREATE TABLE `users` (
  `id` int(10) UNSIGNED NOT NULL,
  `name` varchar(100) COLLATE utf8mb4_unicode_ci NOT NULL,
  `email` varchar(150) COLLATE utf8mb4_unicode_ci NOT NULL,
  `password` varchar(150) COLLATE utf8mb4_unicode_ci NOT NULL,
  `remember_token` varchar(100) COLLATE utf8mb4_unicode_ci DEFAULT NULL,
  `created_at` timestamp NULL DEFAULT NULL,
  `updated_at` timestamp NULL DEFAULT NULL
) ENGINE=InnoDB DEFAULT CHARSET=utf8mb4 COLLATE=utf8mb4_unicode_ci;

--
-- Dumping data for table `users`
--

INSERT INTO `users` (`id`, `name`, `email`, `password`, `remember_token`, `created_at`, `updated_at`) VALUES
(2, 'Admin', 'admin@likegroup.vn', '$2y$10$/z89L2/RRPHg2SluLZ.miu1fimTm2ieonz3/fBpT5N0Glnu32wTvW', 'Wjc8zWD2wr6zt6IZ0drfa3SynvTOJSs5Z3c80Oy40EdwN0YREHeSxcqVA6D3', '2018-04-14 03:41:03', '2018-04-14 03:41:03'),
(4, 'Superadministrator', 'superadmin@likegroup.vn', '$2y$10$/z89L2/RRPHg2SluLZ.miu1fimTm2ieonz3/fBpT5N0Glnu32wTvW', 's2aBTcQFvuGOPiPpq9fFs83mM2nvcvuMLZY0VJp1Jvk98v2ytIgbljtn2JB4', '2018-04-14 04:19:42', '2018-08-04 20:32:30'),
(6, 'Ky Thuat', 'kythuat1@gmail.com', '$2y$10$DT4BlPk3OEBXF4y6oeBQKuVCaJU8llj3Y2XwumBu/.xNc7fCpyc7S', 'yjUsG3iinRcrLsdNiI0FhrFilSbohLPLNT6hcP0SG996zWBAdi8rawgczez4', '2018-05-15 15:43:25', '2018-08-04 19:13:06'),
(7, 'Thu Ngân', 'thungan@likegroup.vn', '$2y$10$YnaEsw1UFmbTsEafpCHJg.mmAjsyyDAwJmFMwZ/wwQX6.nBduU6De', NULL, '2018-08-02 07:34:27', '2018-08-02 07:34:27');

--
-- Indexes for dumped tables
--

--
-- Indexes for table `bills`
--
ALTER TABLE `bills`
  ADD PRIMARY KEY (`id`),
  ADD KEY `bills_user_id_foreign` (`user_id`),
  ADD KEY `bills_company_id_foreign` (`client_id`),
  ADD KEY `bills_bill_type_id_foreign` (`bill_type_id`);

--
-- Indexes for table `bill_types`
--
ALTER TABLE `bill_types`
  ADD PRIMARY KEY (`id`);

--
-- Indexes for table `clients`
--
ALTER TABLE `clients`
  ADD PRIMARY KEY (`id`);

--
-- Indexes for table `companies`
--
ALTER TABLE `companies`
  ADD PRIMARY KEY (`id`);

--
-- Indexes for table `contracts`
--
ALTER TABLE `contracts`
  ADD PRIMARY KEY (`id`);

--
-- Indexes for table `contract_items`
--
ALTER TABLE `contract_items`
  ADD PRIMARY KEY (`id`);

--
-- Indexes for table `menus`
--
ALTER TABLE `menus`
  ADD PRIMARY KEY (`id`);

--
-- Indexes for table `menu_items`
--
ALTER TABLE `menu_items`
  ADD PRIMARY KEY (`id`),
  ADD KEY `menu_items_menu_id_foreign` (`menu_id`);

--
-- Indexes for table `migrations`
--
ALTER TABLE `migrations`
  ADD PRIMARY KEY (`id`);

--
-- Indexes for table `password_resets`
--
ALTER TABLE `password_resets`
  ADD KEY `password_resets_email_index` (`email`);

--
-- Indexes for table `permissions`
--
ALTER TABLE `permissions`
  ADD PRIMARY KEY (`id`),
  ADD UNIQUE KEY `permissions_name_unique` (`name`);

--
-- Indexes for table `permission_role`
--
ALTER TABLE `permission_role`
  ADD PRIMARY KEY (`permission_id`,`role_id`),
  ADD KEY `permission_role_role_id_foreign` (`role_id`);

--
-- Indexes for table `permission_user`
--
ALTER TABLE `permission_user`
  ADD PRIMARY KEY (`user_id`,`permission_id`,`user_type`),
  ADD KEY `permission_user_permission_id_foreign` (`permission_id`);

--
-- Indexes for table `products`
--
ALTER TABLE `products`
  ADD PRIMARY KEY (`id`),
  ADD KEY `products_product_type_id_foreign` (`product_type_id`);

--
-- Indexes for table `product_bills`
--
ALTER TABLE `product_bills`
  ADD KEY `product_bills_product_id_foreign` (`product_id`),
  ADD KEY `product_bills_bill_id_foreign` (`bill_id`);

--
-- Indexes for table `product_types`
--
ALTER TABLE `product_types`
  ADD PRIMARY KEY (`id`);

--
-- Indexes for table `roles`
--
ALTER TABLE `roles`
  ADD PRIMARY KEY (`id`),
  ADD UNIQUE KEY `roles_name_unique` (`name`);

--
-- Indexes for table `role_user`
--
ALTER TABLE `role_user`
  ADD PRIMARY KEY (`user_id`,`role_id`,`user_type`),
  ADD KEY `role_user_role_id_foreign` (`role_id`);

--
-- Indexes for table `users`
--
ALTER TABLE `users`
  ADD PRIMARY KEY (`id`),
  ADD UNIQUE KEY `users_email_unique` (`email`);

--
-- AUTO_INCREMENT for dumped tables
--

--
-- AUTO_INCREMENT for table `bills`
--
ALTER TABLE `bills`
  MODIFY `id` int(10) UNSIGNED NOT NULL AUTO_INCREMENT, AUTO_INCREMENT=378;

--
-- AUTO_INCREMENT for table `bill_types`
--
ALTER TABLE `bill_types`
  MODIFY `id` int(10) UNSIGNED NOT NULL AUTO_INCREMENT, AUTO_INCREMENT=3;

--
-- AUTO_INCREMENT for table `clients`
--
ALTER TABLE `clients`
  MODIFY `id` int(11) UNSIGNED NOT NULL AUTO_INCREMENT, AUTO_INCREMENT=305;

--
-- AUTO_INCREMENT for table `companies`
--
ALTER TABLE `companies`
  MODIFY `id` int(10) UNSIGNED NOT NULL AUTO_INCREMENT, AUTO_INCREMENT=12;

--
-- AUTO_INCREMENT for table `contracts`
--
ALTER TABLE `contracts`
  MODIFY `id` int(11) NOT NULL AUTO_INCREMENT;

--
-- AUTO_INCREMENT for table `contract_items`
--
ALTER TABLE `contract_items`
  MODIFY `id` int(11) NOT NULL AUTO_INCREMENT;

--
-- AUTO_INCREMENT for table `menus`
--
ALTER TABLE `menus`
  MODIFY `id` int(10) UNSIGNED NOT NULL AUTO_INCREMENT, AUTO_INCREMENT=3;

--
-- AUTO_INCREMENT for table `menu_items`
--
ALTER TABLE `menu_items`
  MODIFY `id` int(10) UNSIGNED NOT NULL AUTO_INCREMENT, AUTO_INCREMENT=30;

--
-- AUTO_INCREMENT for table `migrations`
--
ALTER TABLE `migrations`
  MODIFY `id` int(10) UNSIGNED NOT NULL AUTO_INCREMENT, AUTO_INCREMENT=14;

--
-- AUTO_INCREMENT for table `permissions`
--
ALTER TABLE `permissions`
  MODIFY `id` int(10) UNSIGNED NOT NULL AUTO_INCREMENT, AUTO_INCREMENT=46;

--
-- AUTO_INCREMENT for table `products`
--
ALTER TABLE `products`
  MODIFY `id` int(10) UNSIGNED NOT NULL AUTO_INCREMENT, AUTO_INCREMENT=51;

--
-- AUTO_INCREMENT for table `product_types`
--
ALTER TABLE `product_types`
  MODIFY `id` int(10) UNSIGNED NOT NULL AUTO_INCREMENT, AUTO_INCREMENT=12;

--
-- AUTO_INCREMENT for table `roles`
--
ALTER TABLE `roles`
  MODIFY `id` int(10) UNSIGNED NOT NULL AUTO_INCREMENT, AUTO_INCREMENT=6;

--
-- AUTO_INCREMENT for table `users`
--
ALTER TABLE `users`
  MODIFY `id` int(10) UNSIGNED NOT NULL AUTO_INCREMENT, AUTO_INCREMENT=12;

--
-- Constraints for dumped tables
--

--
-- Constraints for table `bills`
--
ALTER TABLE `bills`
  ADD CONSTRAINT `bills_bill_type_id_foreign` FOREIGN KEY (`bill_type_id`) REFERENCES `bill_types` (`id`) ON DELETE CASCADE ON UPDATE CASCADE,
  ADD CONSTRAINT `bills_client_id_foreign` FOREIGN KEY (`client_id`) REFERENCES `clients` (`id`),
  ADD CONSTRAINT `bills_user_id_foreign` FOREIGN KEY (`user_id`) REFERENCES `users` (`id`) ON DELETE CASCADE ON UPDATE CASCADE;

--
-- Constraints for table `menu_items`
--
ALTER TABLE `menu_items`
  ADD CONSTRAINT `menu_items_menu_id_foreign` FOREIGN KEY (`menu_id`) REFERENCES `menus` (`id`) ON DELETE CASCADE ON UPDATE CASCADE;

--
-- Constraints for table `permission_role`
--
ALTER TABLE `permission_role`
  ADD CONSTRAINT `permission_role_permission_id_foreign` FOREIGN KEY (`permission_id`) REFERENCES `permissions` (`id`) ON DELETE CASCADE ON UPDATE CASCADE,
  ADD CONSTRAINT `permission_role_role_id_foreign` FOREIGN KEY (`role_id`) REFERENCES `roles` (`id`) ON DELETE CASCADE ON UPDATE CASCADE;

--
-- Constraints for table `permission_user`
--
ALTER TABLE `permission_user`
  ADD CONSTRAINT `permission_user_permission_id_foreign` FOREIGN KEY (`permission_id`) REFERENCES `permissions` (`id`) ON DELETE CASCADE ON UPDATE CASCADE;

--
-- Constraints for table `products`
--
ALTER TABLE `products`
  ADD CONSTRAINT `products_product_type_id_foreign` FOREIGN KEY (`product_type_id`) REFERENCES `product_types` (`id`) ON DELETE CASCADE ON UPDATE CASCADE;

--
-- Constraints for table `product_bills`
--
ALTER TABLE `product_bills`
  ADD CONSTRAINT `product_bills_bill_id_foreign` FOREIGN KEY (`bill_id`) REFERENCES `bills` (`id`) ON DELETE CASCADE ON UPDATE CASCADE,
  ADD CONSTRAINT `product_bills_product_id_foreign` FOREIGN KEY (`product_id`) REFERENCES `products` (`id`) ON DELETE CASCADE ON UPDATE CASCADE;

--
-- Constraints for table `role_user`
--
ALTER TABLE `role_user`
  ADD CONSTRAINT `role_user_role_id_foreign` FOREIGN KEY (`role_id`) REFERENCES `roles` (`id`) ON DELETE CASCADE ON UPDATE CASCADE;
COMMIT;

/*!40101 SET CHARACTER_SET_CLIENT=@OLD_CHARACTER_SET_CLIENT */;
/*!40101 SET CHARACTER_SET_RESULTS=@OLD_CHARACTER_SET_RESULTS */;
/*!40101 SET COLLATION_CONNECTION=@OLD_COLLATION_CONNECTION */;
